{
  "id": "Koks",
  "time": "2022-12-01T07:27:43+738:00",
  "releaseTime": "2022-12-01T07:27:43+738:00",
  "type": "release",
  "minecraftArguments": "--username ${auth_player_name} --version ${version_name} --gameDir ${game_directory} --assetsDir ${assets_root} --assetIndex ${assets_index_name} --uuid ${auth_uuid} --accessToken ${auth_access_token} --userProperties ${user_properties} --userType ${user_type}",
  "libraries": [
    {
      "downloads": {
        "artifact": {
          "path": "org/reflections/reflections/0.10.2/reflections-0.10.2.jar",
          "sha1": "b638d7ca0e0fe0146b60a0e7ba232ad852a73b31",
          "size": "130398",
          "url": "https://jcenter.bintray.com/org/reflections/reflections/0.10.2/reflections-0.10.2.jar"
        }
      },
      "name": "org.reflections:reflections:0.10.2"
    },
    {
      "downloads": {
        "artifact": {
          "path": "org/luaj/luaj-jse/3.0.1/luaj-jse-3.0.1.jar",
          "sha1": "99245b2df284805e1cb835e9be47c243f9717511",
          "size": "354104",
          "url": "https://jcenter.bintray.com/org/luaj/luaj-jse/3.0.1/luaj-jse-3.0.1.jar"
        }
      },
      "name": "org.luaj:luaj-jse:3.0.1"
    },
    {
      "downloads": {
        "artifact": {
          "path": "junit/junit/4.13.2/junit-4.13.2.jar",
          "sha1": "8ac9e16d933b6fb43bc7f576336b8f4d7eb5ba12",
          "size": "384581",
          "url": "https://jcenter.bintray.com/junit/junit/4.13.2/junit-4.13.2.jar"
        }
      },
      "name": "junit:junit:4.13.2"
    },
    {
      "downloads": {
        "artifact": {
          "path": "org/yaml/snakeyaml/1.29/snakeyaml-1.29.jar",
          "sha1": "6d0cdafb2010f1297e574656551d7145240f6e25",
          "size": "329836",
          "url": "https://jcenter.bintray.com/org/yaml/snakeyaml/1.29/snakeyaml-1.29.jar"
        }
      },
      "name": "org.yaml:snakeyaml:1.29"
    },
    {
      "downloads": {
        "artifact": {
          "path": "club/minnced/java-discord-rpc/2.0.2/java-discord-rpc-2.0.2.jar",
          "sha1": "c52e7b463bda4c175f6dfdad035ab60aac2b5912",
          "size": "7194",
          "url": "https://jcenter.bintray.com/club/minnced/java-discord-rpc/2.0.2/java-discord-rpc-2.0.2.jar"
        }
      },
      "name": "club.minnced:java-discord-rpc:2.0.2"
    },
    {
      "name": "de.liquiddev:ircclient:1.0.4"
    },
    {
      "downloads": {
        "artifact": {
          "path": "org/projectlombok/lombok/1.18.22/lombok-1.18.22.jar",
          "sha1": "9c08ea24c6eb714e2d6170e8122c069a0ba9aacf",
          "size": "1950607",
          "url": "https://jcenter.bintray.com/org/projectlombok/lombok/1.18.22/lombok-1.18.22.jar"
        }
      },
      "name": "org.projectlombok:lombok:1.18.22"
    },
    {
      "downloads": {
        "artifact": {
          "path": "io/netty/netty-all/4.1.72.Final/netty-all-4.1.72.Final.jar",
          "sha1": "86a69bf2f38d9f9f05c528e158f1532d3c6d625e",
          "size": "4350",
          "url": "https://jcenter.bintray.com/io/netty/netty-all/4.1.72.Final/netty-all-4.1.72.Final.jar"
        }
      },
      "name": "io.netty:netty-all:4.1.72.Final"
    },
    {
      "downloads": {
        "artifact": {
          "path": "com/google/guava/guava/31.0.1-jre/guava-31.0.1-jre.jar",
          "sha1": "119ea2b2bc205b138974d351777b20f02b92704b",
          "size": "2974216",
          "url": "https://libraries.minecraft.net/com/google/guava/guava/31.0.1-jre/guava-31.0.1-jre.jar"
        }
      },
      "name": "com.google.guava:guava:31.0.1-jre"
    },
    {
      "downloads": {
        "artifact": {
          "path": "net/java/dev/jna/platform/3.5.2/platform-3.5.2.jar",
          "sha1": "beac07d13858ef3697ceeab43897d70aeb5113c9",
          "size": "1192357",
          "url": "https://jcenter.bintray.com/net/java/dev/jna/platform/3.5.2/platform-3.5.2.jar"
        }
      },
      "name": "net.java.dev.jna:platform:3.5.2"
    },
    {
      "downloads": {
        "artifact": {
          "path": "net/java/dev/jna/jna/5.9.0/jna-5.9.0.jar",
          "sha1": "8f503e6d9b500ceff299052d6be75b38c7257758",
          "size": "1729586",
          "url": "https://libraries.minecraft.net/net/java/dev/jna/jna/5.9.0/jna-5.9.0.jar"
        }
      },
      "name": "net.java.dev.jna:jna:5.9.0"
    },
    {
      "downloads": {
        "artifact": {
          "path": "com/mojang/realms/1.8.7/realms-1.8.7.jar",
          "sha1": "b624280016616bb56cc6c30282684322edc7e7eb",
          "size": "1132656",
          "url": "https://libraries.minecraft.net/com/mojang/realms/1.8.7/realms-1.8.7.jar"
        }
      },
      "name": "com.mojang:realms:1.8.7"
    },
    {
      "downloads": {
        "artifact": {
          "path": "com/google/code/gson/gson/2.8.9/gson-2.8.9.jar",
          "sha1": "8a432c1d6825781e21a02db2e2c33c5fde2833b9",
          "size": "258075",
          "url": "https://libraries.minecraft.net/com/google/code/gson/gson/2.8.9/gson-2.8.9.jar"
        }
      },
      "name": "com.google.code.gson:gson:2.8.9"
    },
    {
      "downloads": {
        "artifact": {
          "path": "com/ibm/icu/icu4j-core-mojang/51.2/icu4j-core-mojang-51.2.jar",
          "sha1": "63d216a9311cca6be337c1e458e587f99d382b84",
          "size": "1634692",
          "url": "https://libraries.minecraft.net/com/ibm/icu/icu4j-core-mojang/51.2/icu4j-core-mojang-51.2.jar"
        }
      },
      "name": "com.ibm.icu:icu4j-core-mojang:51.2"
    },
    {
      "downloads": {
        "artifact": {
          "path": "com/mojang/authlib/1.5.21/authlib-1.5.21.jar",
          "sha1": "aefba0d5b53fbcb70860bc8046ab95d5854c07a5",
          "size": "64412",
          "url": "https://libraries.minecraft.net/com/mojang/authlib/1.5.21/authlib-1.5.21.jar"
        }
      },
      "name": "com.mojang:authlib:1.5.21"
    },
    {
      "downloads": {
        "artifact": {
          "path": "net/minecraft/1.8.8/minecraft-1.8.8.jar",
          "sha1": "0983f08be6a4e624f5d85689d1aca869ed99c738",
          "size": "8465313",
          "url": "https://github.com/DasDirt/MCPRepository/raw/master/net/minecraft/1.8.8/minecraft-1.8.8.jar"
        }
      },
      "name": "net:minecraft:1.8.8"
    },
    {
      "downloads": {
        "artifact": {
          "path": "com/mojang/netty/1.6/netty-1.6.jar",
          "sha1": "4b75825a06139752bd800d9e29c5fd55b8b1b1e4",
          "size": "7877",
          "url": "https://libraries.minecraft.net/com/mojang/netty/1.6/netty-1.6.jar"
        }
      },
      "name": "com.mojang:netty:1.6"
    },
    {
      "downloads": {
        "artifact": {
          "path": "com/paulscode/codecjorbis/20101023/codecjorbis-20101023.jar",
          "sha1": "c73b5636faf089d9f00e8732a829577de25237ee",
          "size": "103871",
          "url": "https://libraries.minecraft.net/com/paulscode/codecjorbis/20101023/codecjorbis-20101023.jar"
        }
      },
      "name": "com.paulscode:codecjorbis:20101023"
    },
    {
      "downloads": {
        "artifact": {
          "path": "com/paulscode/codecwav/20101023/codecwav-20101023.jar",
          "sha1": "12f031cfe88fef5c1dd36c563c0a3a69bd7261da",
          "size": "5618",
          "url": "https://libraries.minecraft.net/com/paulscode/codecwav/20101023/codecwav-20101023.jar"
        }
      },
      "name": "com.paulscode:codecwav:20101023"
    },
    {
      "downloads": {
        "artifact": {
          "path": "com/paulscode/libraryjavasound/20101123/libraryjavasound-20101123.jar",
          "sha1": "5c5e304366f75f9eaa2e8cca546a1fb6109348b3",
          "size": "21679",
          "url": "https://libraries.minecraft.net/com/paulscode/libraryjavasound/20101123/libraryjavasound-20101123.jar"
        }
      },
      "name": "com.paulscode:libraryjavasound:20101123"
    },
    {
      "downloads": {
        "artifact": {
          "path": "com/paulscode/librarylwjglopenal/20100824/librarylwjglopenal-20100824.jar",
          "sha1": "73e80d0794c39665aec3f62eee88ca91676674ef",
          "size": "18981",
          "url": "https://libraries.minecraft.net/com/paulscode/librarylwjglopenal/20100824/librarylwjglopenal-20100824.jar"
        }
      },
      "name": "com.paulscode:librarylwjglopenal:20100824"
    },
    {
      "downloads": {
        "artifact": {
          "path": "com/paulscode/soundsystem/20120107/soundsystem-20120107.jar",
          "sha1": "419c05fe9be71f792b2d76cfc9b67f1ed0fec7f6",
          "size": "65020",
          "url": "https://libraries.minecraft.net/com/paulscode/soundsystem/20120107/soundsystem-20120107.jar"
        }
      },
      "name": "com.paulscode:soundsystem:20120107"
    },
    {
      "downloads": {
        "artifact": {
          "path": "commons-codec/commons-codec/1.15/commons-codec-1.15.jar",
          "sha1": "49d94806b6e3dc933dacbd8acb0fdbab8ebd1e5d",
          "size": "353793",
          "url": "https://libraries.minecraft.net/commons-codec/commons-codec/1.15/commons-codec-1.15.jar"
        }
      },
      "name": "commons-codec:commons-codec:1.15"
    },
    {
      "downloads": {
        "artifact": {
          "path": "commons-io/commons-io/2.11.0/commons-io-2.11.0.jar",
          "sha1": "a2503f302b11ebde7ebc3df41daebe0e4eea3689",
          "size": "327135",
          "url": "https://libraries.minecraft.net/commons-io/commons-io/2.11.0/commons-io-2.11.0.jar"
        }
      },
      "name": "commons-io:commons-io:2.11.0"
    },
    {
      "downloads": {
        "artifact": {
          "path": "commons-logging/commons-logging/1.2/commons-logging-1.2.jar",
          "sha1": "4bfc12adfe4842bf07b657f0369c4cb522955686",
          "size": "61829",
          "url": "https://libraries.minecraft.net/commons-logging/commons-logging/1.2/commons-logging-1.2.jar"
        }
      },
      "name": "commons-logging:commons-logging:1.2"
    },
    {
      "downloads": {
        "artifact": {
          "path": "net/java/jinput/jinput-platform/2.0.5/jinput-platform-2.0.5.jar",
          "sha1": "385ee093e01f587f30ee1c8a2ee7d408fd732e16",
          "size": "155179",
          "url": "https://github.com/DasDirt/MCPRepository/raw/master/net/java/jinput/jinput-platform/2.0.5/jinput-platform-2.0.5.jar"
        }
      },
      "name": "net.java.jinput:jinput-platform:2.0.5"
    },
    {
      "downloads": {
        "artifact": {
          "path": "net/java/jinput/jinput/2.0.5/jinput-2.0.5.jar",
          "sha1": "39c7796b469a600f72380316f6b1f11db6c2c7c4",
          "size": "208338",
          "url": "https://libraries.minecraft.net/net/java/jinput/jinput/2.0.5/jinput-2.0.5.jar"
        }
      },
      "name": "net.java.jinput:jinput:2.0.5"
    },
    {
      "downloads": {
        "artifact": {
          "path": "net/java/jutils/jutils/1.0.0/jutils-1.0.0.jar",
          "sha1": "e12fe1fda814bd348c1579329c86943d2cd3c6a6",
          "size": "7508",
          "url": "https://libraries.minecraft.net/net/java/jutils/jutils/1.0.0/jutils-1.0.0.jar"
        }
      },
      "name": "net.java.jutils:jutils:1.0.0"
    },
    {
      "downloads": {
        "artifact": {
          "path": "net/sf/jopt-simple/jopt-simple/5.0.4/jopt-simple-5.0.4.jar",
          "sha1": "4fdac2fbe92dfad86aa6e9301736f6b4342a3f5c",
          "size": "78146",
          "url": "https://libraries.minecraft.net/net/sf/jopt-simple/jopt-simple/5.0.4/jopt-simple-5.0.4.jar"
        }
      },
      "name": "net.sf.jopt-simple:jopt-simple:5.0.4"
    },
    {
      "downloads": {
        "artifact": {
          "path": "org/apache/commons/commons-compress/1.21/commons-compress-1.21.jar",
          "sha1": "4ec95b60d4e86b5c95a0e919cb172a0af98011ef",
          "size": "1018316",
          "url": "https://libraries.minecraft.net/org/apache/commons/commons-compress/1.21/commons-compress-1.21.jar"
        }
      },
      "name": "org.apache.commons:commons-compress:1.21"
    },
    {
      "downloads": {
        "artifact": {
          "path": "org/apache/commons/commons-lang3/3.12.0/commons-lang3-3.12.0.jar",
          "sha1": "c6842c86792ff03b9f1d1fe2aab8dc23aa6c6f0e",
          "size": "587402",
          "url": "https://libraries.minecraft.net/org/apache/commons/commons-lang3/3.12.0/commons-lang3-3.12.0.jar"
        }
      },
      "name": "org.apache.commons:commons-lang3:3.12.0"
    },
    {
      "downloads": {
        "artifact": {
          "path": "org/apache/httpcomponents/httpclient/4.5.13/httpclient-4.5.13.jar",
          "sha1": "e5f6cae5ca7ecaac1ec2827a9e2d65ae2869cada",
          "size": "780321",
          "url": "https://libraries.minecraft.net/org/apache/httpcomponents/httpclient/4.5.13/httpclient-4.5.13.jar"
        }
      },
      "name": "org.apache.httpcomponents:httpclient:4.5.13"
    },
    {
      "downloads": {
        "artifact": {
          "path": "org/apache/httpcomponents/httpcore/4.4.15/httpcore-4.4.15.jar",
          "sha1": "7f2e0c573eaa7a74bac2e89b359e1f73d92a0a1d",
          "size": "328324",
          "url": "https://jcenter.bintray.com/org/apache/httpcomponents/httpcore/4.4.15/httpcore-4.4.15.jar"
        }
      },
      "name": "org.apache.httpcomponents:httpcore:4.4.15"
    },
    {
      "downloads": {
        "artifact": {
          "path": "org/apache/logging/log4j/log4j-api/2.17.0/log4j-api-2.17.0.jar",
          "sha1": "bbd791e9c8c9421e45337c4fe0a10851c086e36c",
          "size": "301776",
          "url": "https://jcenter.bintray.com/org/apache/logging/log4j/log4j-api/2.17.0/log4j-api-2.17.0.jar"
        }
      },
      "name": "org.apache.logging.log4j:log4j-api:2.17.0"
    },
    {
      "downloads": {
        "artifact": {
          "path": "org/apache/logging/log4j/log4j-core/2.17.0/log4j-core-2.17.0.jar",
          "sha1": "fe6e7a32c1228884b9691a744f953a55d0dd8ead",
          "size": "1789339",
          "url": "https://jcenter.bintray.com/org/apache/logging/log4j/log4j-core/2.17.0/log4j-core-2.17.0.jar"
        }
      },
      "name": "org.apache.logging.log4j:log4j-core:2.17.0"
    },
    {
      "downloads": {
        "artifact": {
          "path": "org/lwjgl/lwjgl/lwjgl-platform/2.9.4.nightly.20150209/lwjgl-platform-2.9.4.nightly.20150209.jar",
          "sha1": "b84d5102b9dbfabfeb5e43c7e2828d98a7fc80e0",
          "size": "613748",
          "url": "https://github.com/DasDirt/MCPRepository/raw/master/org/lwjgl/lwjgl/lwjgl-platform/2.9.4.nightly.20150209/lwjgl-platform-2.9.4.nightly.20150209.jar"
        }
      },
      "name": "org.lwjgl.lwjgl:lwjgl-platform:2.9.4.nightly.20150209"
    },
    {
      "downloads": {
        "artifact": {
          "path": "org/lwjgl/lwjgl/lwjgl/2.9.3/lwjgl-2.9.3.jar",
          "sha1": "3df168ac74e4a8c96562cdff24ad352e255bf89c",
          "size": "1053471",
          "url": "https://libraries.minecraft.net/org/lwjgl/lwjgl/lwjgl/2.9.3/lwjgl-2.9.3.jar"
        }
      },
      "name": "org.lwjgl.lwjgl:lwjgl:2.9.3"
    },
    {
      "downloads": {
        "artifact": {
          "path": "org/lwjgl/lwjgl/lwjgl_util/2.9.3/lwjgl_util-2.9.3.jar",
          "sha1": "751f06b62424da056954c67288fd5c494431e350",
          "size": "173911",
          "url": "https://libraries.minecraft.net/org/lwjgl/lwjgl/lwjgl_util/2.9.3/lwjgl_util-2.9.3.jar"
        }
      },
      "name": "org.lwjgl.lwjgl:lwjgl_util:2.9.3"
    },
    {
      "downloads": {
        "artifact": {
          "path": "oshi-project/oshi-core/1.1/oshi-core-1.1.jar",
          "sha1": "9ddf7b048a8d701be231c0f4f95fd986198fd2d8",
          "size": "30973",
          "url": "https://libraries.minecraft.net/oshi-project/oshi-core/1.1/oshi-core-1.1.jar"
        }
      },
      "name": "oshi-project:oshi-core:1.1"
    },
    {
      "downloads": {
        "artifact": {
          "path": "tv/twitch/twitch-external-platform/4.5/twitch-external-platform-4.5.jar",
          "sha1": "c3cde57891b935d41b6680a9c5e1502eeab76d86",
          "size": "7457619",
          "url": "https://github.com/DasDirt/MCPRepository/raw/master/tv/twitch/twitch-external-platform/4.5/twitch-external-platform-4.5.jar"
        }
      },
      "name": "tv.twitch:twitch-external-platform:4.5"
    },
    {
      "downloads": {
        "artifact": {
          "path": "tv/twitch/twitch-platform/6.5/twitch-platform-6.5.jar",
          "sha1": "9fdd0fd5aed0817063dcf95b69349a171f447ebd",
          "size": "580098",
          "url": "https://github.com/DasDirt/MCPRepository/raw/master/tv/twitch/twitch-platform/6.5/twitch-platform-6.5.jar"
        }
      },
      "name": "tv.twitch:twitch-platform:6.5"
    },
    {
      "downloads": {
        "artifact": {
          "path": "tv/twitch/twitch/6.5/twitch-6.5.jar",
          "sha1": "320a2dfd18513a5f41b4e75729df684488cbd925",
          "size": "55977",
          "url": "https://libraries.minecraft.net/tv/twitch/twitch/6.5/twitch-6.5.jar"
        }
      },
      "name": "tv.twitch:twitch:6.5"
    },
    {
      "downloads": {
        "artifact": {
          "path": "jakarta/xml/bind/jakarta.xml.bind-api/3.0.1/jakarta.xml.bind-api-3.0.1.jar",
          "sha1": "5257932df36ff3e4e6de50429dde946490a6a800",
          "size": "128941",
          "url": "https://jcenter.bintray.com/jakarta/xml/bind/jakarta.xml.bind-api/3.0.1/jakarta.xml.bind-api-3.0.1.jar"
        }
      },
      "name": "jakarta.xml.bind:jakarta.xml.bind-api:3.0.1"
    }
  ],
  "mainClass": "net.minecraft.client.main.Main",
  "minimumLauncherVersion": 14,
  "assets": "1.8"
}